               epoch,      train/box_loss,      train/obj_loss,      train/cls_loss,   metrics/precision,      metrics/recall,     metrics/mAP_0.5,metrics/mAP_0.5:0.95,        val/box_loss,        val/obj_loss,        val/cls_loss,               x/lr0,               x/lr1,               x/lr2
                   0,            0.074401,             0.03576,            0.027174,             0.29428,             0.40483,             0.25068,            0.082112,             0.04943,            0.024939,            0.025878,            0.070312,           0.0032986,           0.0032986
                   1,            0.053106,            0.031513,             0.02564,             0.37995,             0.71831,             0.42127,             0.18678,            0.041468,            0.019563,            0.025675,            0.040272,           0.0065912,           0.0065912
                   2,            0.051142,            0.025266,             0.02539,             0.41733,             0.67787,             0.43739,             0.17148,            0.047644,            0.016334,            0.025592,             0.01019,           0.0098427,           0.0098427
                   3,            0.044928,            0.021388,            0.025069,              0.4161,             0.76742,               0.461,             0.16832,            0.038873,            0.014983,            0.025466,           0.0098155,           0.0098155,           0.0098155
                   4,            0.040727,            0.018327,            0.023638,             0.57134,             0.69186,             0.64431,              0.3255,             0.03515,             0.01224,            0.022056,           0.0098155,           0.0098155,           0.0098155
                   5,            0.036915,            0.017419,            0.019979,             0.66848,             0.76847,             0.72606,             0.35255,            0.040395,            0.012748,            0.017189,            0.009754,            0.009754,            0.009754
                   6,            0.035396,            0.016776,            0.017564,             0.72886,             0.77113,             0.75921,             0.40033,            0.037559,            0.011408,              0.0162,           0.0096925,           0.0096925,           0.0096925
                   7,            0.033583,            0.016222,            0.015962,             0.66614,             0.75432,             0.73715,             0.35648,              0.0351,            0.012641,            0.017993,           0.0096311,           0.0096311,           0.0096311
                   8,            0.032862,            0.015927,            0.014767,             0.84071,             0.76487,             0.78671,             0.40427,             0.03474,            0.011387,             0.01249,           0.0095696,           0.0095696,           0.0095696
                   9,            0.031326,            0.015974,            0.014301,             0.81179,             0.80683,             0.83818,             0.50444,            0.030215,            0.011194,            0.010476,           0.0095081,           0.0095081,           0.0095081
                  10,            0.030715,            0.015363,            0.013547,             0.83004,             0.83457,             0.84458,             0.52472,            0.027662,            0.010187,            0.011675,           0.0094466,           0.0094466,           0.0094466
                  11,             0.03001,            0.015063,            0.012864,               0.864,             0.86359,             0.86432,             0.46431,            0.033016,            0.010932,           0.0082194,           0.0093851,           0.0093851,           0.0093851
                  12,            0.029319,            0.014612,            0.012203,             0.84457,             0.88044,             0.87544,              0.5239,              0.0285,           0.0099084,           0.0078071,           0.0093236,           0.0093236,           0.0093236
                  13,            0.028339,            0.014493,            0.012051,             0.85563,             0.83881,             0.86407,             0.51397,            0.028017,            0.011433,             0.00761,           0.0092621,           0.0092621,           0.0092621
                  14,            0.027762,            0.014497,            0.011104,             0.81984,             0.84165,             0.83434,             0.53013,            0.026342,            0.010392,            0.011508,           0.0092006,           0.0092006,           0.0092006
                  15,            0.027194,            0.014357,            0.011238,             0.76539,             0.85426,             0.84109,             0.54765,            0.023922,           0.0090953,            0.013091,           0.0091391,           0.0091391,           0.0091391
                  16,            0.026968,            0.014211,            0.010975,             0.89701,             0.88852,             0.88861,             0.62676,            0.024574,           0.0093861,           0.0063085,           0.0090776,           0.0090776,           0.0090776
                  17,             0.02627,            0.013932,            0.010643,             0.88724,             0.84059,             0.87178,              0.5924,            0.023977,            0.010388,           0.0076327,           0.0090161,           0.0090161,           0.0090161
                  18,            0.025632,            0.014001,            0.010686,             0.86685,             0.85844,             0.87487,             0.55099,            0.024652,           0.0089362,           0.0090286,           0.0089547,           0.0089547,           0.0089547
                  19,            0.025664,            0.013678,            0.010375,             0.84786,               0.874,             0.87414,             0.59053,             0.02308,            0.010579,           0.0094163,           0.0088932,           0.0088932,           0.0088932
                  20,            0.025366,            0.013459,           0.0092366,             0.91328,             0.89416,             0.91232,             0.62142,            0.024659,           0.0087686,           0.0042829,           0.0088317,           0.0088317,           0.0088317
                  21,            0.024536,            0.013298,           0.0091307,             0.88929,             0.91591,              0.9003,             0.64772,            0.021437,           0.0098193,            0.005382,           0.0087702,           0.0087702,           0.0087702
                  22,            0.024054,            0.013389,           0.0095074,             0.88846,             0.91202,             0.91079,             0.61975,            0.025291,           0.0097787,           0.0044672,           0.0087087,           0.0087087,           0.0087087
                  23,            0.024299,             0.01315,           0.0088398,             0.90174,             0.90563,             0.90766,             0.56977,            0.024624,           0.0099275,           0.0052131,           0.0086472,           0.0086472,           0.0086472
                  24,             0.02368,            0.013169,           0.0084961,             0.90298,             0.91186,             0.90395,             0.63484,            0.022883,           0.0087055,           0.0059092,           0.0085857,           0.0085857,           0.0085857
                  25,            0.023585,            0.012948,           0.0082596,             0.88948,              0.8917,             0.88592,             0.63159,            0.021424,           0.0093464,           0.0082921,           0.0085242,           0.0085242,           0.0085242
                  26,            0.023226,            0.012907,           0.0080985,             0.89337,             0.91034,             0.91919,             0.64083,            0.022875,            0.008782,           0.0061561,           0.0084627,           0.0084627,           0.0084627
                  27,            0.022973,            0.012678,           0.0084554,             0.82365,             0.87867,              0.8589,             0.61846,            0.021938,           0.0086306,            0.011398,           0.0084012,           0.0084012,           0.0084012
                  28,            0.022649,            0.012963,            0.007832,             0.89512,             0.89558,             0.89658,             0.64775,            0.020671,           0.0083615,           0.0074331,           0.0083398,           0.0083398,           0.0083398
                  29,            0.022696,            0.012658,           0.0076352,             0.90129,             0.88537,             0.90508,             0.63918,            0.021733,            0.010072,           0.0057663,           0.0082783,           0.0082783,           0.0082783
                  30,             0.02221,            0.012424,           0.0073558,             0.87396,              0.8782,             0.91328,             0.59975,            0.025419,           0.0084415,           0.0068074,           0.0082168,           0.0082168,           0.0082168
                  31,            0.022408,            0.012481,           0.0075551,             0.91421,              0.9237,             0.92352,             0.67151,            0.020728,            0.007913,           0.0042769,           0.0081553,           0.0081553,           0.0081553
                  32,            0.022008,            0.012398,           0.0076756,             0.89829,             0.90976,             0.90897,             0.64176,            0.021801,           0.0082032,           0.0062169,           0.0080938,           0.0080938,           0.0080938
                  33,            0.021829,            0.012586,           0.0074664,             0.90033,             0.89826,             0.90048,              0.6211,            0.022876,           0.0094493,           0.0065405,           0.0080323,           0.0080323,           0.0080323
                  34,            0.021634,            0.012204,           0.0069466,              0.9057,             0.92194,             0.92169,             0.66864,            0.020836,           0.0084231,           0.0048453,           0.0079708,           0.0079708,           0.0079708
                  35,            0.021245,            0.012218,            0.006509,             0.91681,             0.91721,             0.92503,              0.6935,            0.019056,           0.0087366,           0.0045276,           0.0079093,           0.0079093,           0.0079093
                  36,            0.021425,            0.012241,            0.006651,             0.91767,             0.89195,             0.91974,             0.68192,            0.020816,            0.008803,           0.0050861,           0.0078478,           0.0078478,           0.0078478
                  37,             0.02137,            0.012279,           0.0069859,             0.90489,             0.89627,             0.91533,             0.68284,            0.020685,           0.0080875,           0.0062263,           0.0077863,           0.0077863,           0.0077863
                  38,            0.020946,            0.012238,           0.0063622,             0.89344,             0.86412,             0.88822,              0.6488,            0.019422,           0.0085817,           0.0099535,           0.0077248,           0.0077248,           0.0077248
                  39,            0.020697,             0.01191,           0.0068858,             0.92467,             0.91573,              0.9188,             0.65774,            0.021559,           0.0083141,           0.0040403,           0.0076634,           0.0076634,           0.0076634
                  40,            0.020353,            0.011837,           0.0062642,             0.90495,             0.93247,             0.93583,             0.66471,            0.021745,           0.0092352,           0.0037454,           0.0076019,           0.0076019,           0.0076019
                  41,            0.020413,            0.011584,           0.0064751,             0.92388,             0.89825,             0.91029,             0.68895,            0.018457,           0.0085546,           0.0054208,           0.0075404,           0.0075404,           0.0075404
                  42,            0.020108,            0.011726,           0.0065814,             0.92414,             0.92149,             0.92435,             0.69384,            0.019062,           0.0079401,           0.0043587,           0.0074789,           0.0074789,           0.0074789
                  43,            0.020074,             0.01158,           0.0058803,             0.91342,             0.89991,             0.90367,             0.66522,            0.019518,            0.007922,           0.0081585,           0.0074174,           0.0074174,           0.0074174
                  44,            0.019962,            0.011805,           0.0061476,             0.93122,             0.91327,             0.91714,             0.66452,            0.020404,           0.0088084,           0.0048268,           0.0073559,           0.0073559,           0.0073559
                  45,            0.019495,            0.011555,           0.0054542,             0.89663,             0.91757,             0.92379,             0.70333,            0.019853,           0.0080034,           0.0051256,           0.0072944,           0.0072944,           0.0072944
                  46,              0.0198,            0.011319,           0.0059205,             0.91862,             0.93624,              0.9216,                0.68,            0.021191,           0.0094313,           0.0037879,           0.0072329,           0.0072329,           0.0072329
                  47,            0.019547,            0.011598,           0.0062277,             0.94086,             0.91772,             0.93289,             0.65964,             0.02171,           0.0096237,           0.0037857,           0.0071714,           0.0071714,           0.0071714
                  48,            0.019665,            0.011352,           0.0055141,             0.91476,             0.91745,             0.91564,             0.70076,             0.01881,           0.0080532,           0.0053017,           0.0071099,           0.0071099,           0.0071099
                  49,            0.019478,            0.011485,           0.0056097,             0.90566,             0.91579,             0.90666,             0.67142,            0.019703,           0.0084874,           0.0063411,           0.0070484,           0.0070484,           0.0070484
                  50,            0.018916,            0.011589,           0.0056518,             0.91506,             0.91929,             0.92316,             0.66372,            0.020677,           0.0088121,           0.0039863,            0.006987,            0.006987,            0.006987
                  51,            0.018823,            0.011321,           0.0051763,             0.91369,             0.93314,             0.92839,             0.67509,            0.020532,           0.0081342,           0.0042865,           0.0069255,           0.0069255,           0.0069255
                  52,            0.018961,            0.011435,           0.0053497,             0.92211,              0.9107,             0.91288,             0.66068,            0.020688,           0.0081788,           0.0062076,            0.006864,            0.006864,            0.006864
                  53,            0.018678,            0.011147,           0.0049514,             0.92813,             0.91576,              0.9237,             0.70221,            0.018967,           0.0087486,           0.0046762,           0.0068025,           0.0068025,           0.0068025
                  54,             0.01873,            0.010912,           0.0046848,             0.91864,             0.92274,             0.91897,             0.70329,             0.01897,           0.0077818,           0.0047623,            0.006741,            0.006741,            0.006741
                  55,            0.018355,            0.011051,            0.004858,             0.93485,             0.92793,              0.9332,              0.7044,            0.019633,           0.0082808,            0.002555,           0.0066795,           0.0066795,           0.0066795
                  56,            0.018456,            0.011086,           0.0048253,             0.92196,             0.93403,             0.93268,             0.68616,            0.020355,           0.0086068,           0.0031841,            0.006618,            0.006618,            0.006618
                  57,            0.018386,            0.011069,           0.0051202,             0.93566,             0.93577,             0.93322,             0.69784,            0.019457,           0.0083011,           0.0029754,           0.0065565,           0.0065565,           0.0065565
                  58,            0.018025,             0.01099,           0.0049997,              0.9054,             0.92794,             0.92885,             0.67471,            0.020183,           0.0083895,           0.0045132,            0.006495,            0.006495,            0.006495
                  59,            0.017966,             0.01097,           0.0049917,             0.93289,             0.91074,             0.91633,             0.67345,            0.019885,           0.0088419,           0.0055238,           0.0064335,           0.0064335,           0.0064335
                  60,            0.017676,            0.010972,           0.0050016,             0.92993,             0.91857,             0.93312,             0.70553,            0.019381,            0.008644,           0.0038107,            0.006372,            0.006372,            0.006372
                  61,            0.017618,            0.010876,           0.0045772,             0.92599,             0.94804,             0.94045,             0.71147,            0.019012,           0.0077923,           0.0024532,           0.0063106,           0.0063106,           0.0063106
                  62,            0.017691,            0.010642,           0.0043686,             0.92717,             0.93825,              0.9352,             0.69377,            0.020543,           0.0089298,           0.0026641,           0.0062491,           0.0062491,           0.0062491
                  63,            0.017642,            0.010955,           0.0046448,             0.93928,             0.92522,             0.93554,             0.71381,            0.018604,           0.0081426,           0.0030078,           0.0061876,           0.0061876,           0.0061876
                  64,            0.017742,            0.010824,           0.0046674,             0.94461,             0.92463,                0.94,             0.72217,            0.018511,           0.0078938,            0.002965,           0.0061261,           0.0061261,           0.0061261
                  65,             0.01721,            0.010745,            0.004584,              0.9121,             0.93593,             0.93371,             0.72324,            0.018494,           0.0084689,           0.0045075,           0.0060646,           0.0060646,           0.0060646
                  66,            0.017175,            0.010674,           0.0043465,             0.91031,             0.92302,              0.9155,             0.70177,            0.018523,           0.0084216,           0.0065696,           0.0060031,           0.0060031,           0.0060031
                  67,            0.016924,             0.01068,           0.0041893,              0.9229,             0.91217,             0.90945,             0.68803,            0.018492,           0.0083515,           0.0064581,           0.0059416,           0.0059416,           0.0059416
                  68,            0.016836,            0.010453,           0.0041799,             0.91065,             0.93919,             0.93946,             0.70146,            0.019798,           0.0077433,           0.0040267,           0.0058801,           0.0058801,           0.0058801
                  69,            0.017079,            0.010734,            0.004396,              0.9153,             0.92245,              0.9258,             0.71199,            0.018876,           0.0084987,            0.004793,           0.0058186,           0.0058186,           0.0058186
                  70,            0.016766,            0.010507,           0.0041401,             0.89392,             0.92716,             0.92119,             0.68104,            0.020273,           0.0083655,           0.0058123,           0.0057571,           0.0057571,           0.0057571
                  71,            0.016901,            0.010454,           0.0043125,             0.92817,             0.94526,             0.94038,             0.72172,            0.018828,           0.0079848,           0.0035542,           0.0056957,           0.0056957,           0.0056957
                  72,            0.016685,            0.010248,           0.0041929,             0.93032,             0.93039,              0.9324,              0.7078,            0.019125,           0.0082107,           0.0041639,           0.0056342,           0.0056342,           0.0056342
                  73,            0.016464,            0.010249,           0.0035978,             0.93271,             0.95024,             0.94211,             0.71992,            0.018926,           0.0079625,           0.0029237,           0.0055727,           0.0055727,           0.0055727
                  74,            0.016278,             0.01032,            0.004243,             0.93263,             0.94348,              0.9419,             0.70251,            0.019549,           0.0078123,           0.0019753,           0.0055112,           0.0055112,           0.0055112
                  75,            0.016191,            0.010232,            0.004066,             0.93507,             0.93539,             0.93906,             0.70739,             0.01881,           0.0081891,           0.0027754,           0.0054497,           0.0054497,           0.0054497
                  76,            0.016256,            0.010231,           0.0037243,             0.93642,             0.95085,             0.94308,             0.73495,            0.017992,           0.0080363,           0.0018673,           0.0053882,           0.0053882,           0.0053882
                  77,            0.016137,            0.010187,           0.0039182,             0.93251,             0.93439,             0.93942,             0.72341,            0.018975,           0.0079355,           0.0033021,           0.0053267,           0.0053267,           0.0053267
                  78,            0.015773,            0.010186,           0.0038306,             0.93299,             0.93287,             0.93233,              0.7207,            0.018498,           0.0085261,           0.0041843,           0.0052652,           0.0052652,           0.0052652
                  79,            0.015688,            0.010153,           0.0037825,             0.92449,             0.93321,             0.93509,             0.70933,             0.01888,           0.0086908,           0.0038706,           0.0052037,           0.0052037,           0.0052037
                  80,            0.015683,            0.010009,           0.0034855,             0.92507,             0.93205,              0.9357,             0.71004,            0.018566,           0.0081234,            0.004143,           0.0051422,           0.0051422,           0.0051422
                  81,            0.015734,            0.010036,            0.003888,              0.9179,             0.94352,             0.93297,             0.71314,            0.018602,           0.0084682,           0.0037511,           0.0050807,           0.0050807,           0.0050807
                  82,            0.015623,            0.010174,           0.0036416,             0.93328,             0.92613,             0.93258,             0.70268,            0.019539,           0.0087369,           0.0035148,           0.0050193,           0.0050193,           0.0050193
                  83,            0.015615,            0.010017,           0.0034924,              0.9382,             0.93511,             0.93989,             0.72888,            0.018438,           0.0084678,           0.0030988,           0.0049578,           0.0049578,           0.0049578
                  84,            0.015494,            0.010066,           0.0034314,             0.92719,             0.94561,             0.94111,              0.7305,            0.018067,           0.0082786,           0.0028579,           0.0048963,           0.0048963,           0.0048963
                  85,            0.015336,           0.0097889,           0.0039166,              0.9285,             0.92143,             0.93351,             0.71269,             0.01845,           0.0085451,           0.0041717,           0.0048348,           0.0048348,           0.0048348
                  86,            0.015373,           0.0098867,           0.0033301,             0.94154,             0.92993,              0.9415,             0.70887,            0.019378,           0.0088493,           0.0026588,           0.0047733,           0.0047733,           0.0047733
                  87,            0.015011,           0.0097991,           0.0035804,               0.941,             0.93376,             0.94307,             0.70647,            0.019063,           0.0089282,           0.0024671,           0.0047118,           0.0047118,           0.0047118
                  88,            0.015045,           0.0099723,            0.003393,             0.93547,             0.92638,              0.9309,             0.70327,            0.018585,           0.0085594,           0.0038806,           0.0046503,           0.0046503,           0.0046503
                  89,            0.014987,           0.0098373,           0.0034001,             0.93505,             0.93004,             0.94252,             0.72167,            0.018643,           0.0086932,           0.0030939,           0.0045888,           0.0045888,           0.0045888
                  90,            0.014777,           0.0095601,           0.0034717,             0.95114,             0.93521,             0.94416,             0.72784,            0.018549,           0.0084288,           0.0018605,           0.0045273,           0.0045273,           0.0045273
                  91,            0.014914,            0.009818,            0.003368,             0.95231,             0.93481,             0.94622,             0.72337,            0.019028,           0.0092154,           0.0021838,           0.0044658,           0.0044658,           0.0044658
                  92,            0.014786,           0.0096697,           0.0033842,             0.93865,             0.93045,             0.94467,             0.72828,            0.018671,           0.0082501,           0.0030393,           0.0044043,           0.0044043,           0.0044043
                  93,            0.014485,           0.0097863,           0.0036779,             0.94173,             0.94829,             0.94337,             0.71974,            0.018472,           0.0086223,            0.002132,           0.0043429,           0.0043429,           0.0043429
                  94,            0.014657,           0.0095956,           0.0034863,             0.94155,             0.93831,             0.94706,             0.72388,            0.019005,           0.0084684,           0.0023998,           0.0042814,           0.0042814,           0.0042814
                  95,            0.014439,           0.0094463,           0.0030856,             0.92379,             0.94736,             0.94459,             0.72588,            0.018296,           0.0089942,           0.0025997,           0.0042199,           0.0042199,           0.0042199
                  96,            0.014482,           0.0095807,            0.002894,             0.94369,             0.93044,             0.94601,             0.72273,             0.01871,           0.0086538,           0.0033686,           0.0041584,           0.0041584,           0.0041584
                  97,            0.014073,           0.0095109,           0.0029632,             0.92545,             0.94125,             0.93613,              0.7159,            0.018515,           0.0089934,           0.0037176,           0.0040969,           0.0040969,           0.0040969
                  98,            0.014122,           0.0095628,           0.0028699,              0.9349,             0.91745,             0.93034,             0.72073,            0.018042,           0.0085021,           0.0047464,           0.0040354,           0.0040354,           0.0040354
                  99,            0.014027,           0.0092999,           0.0027437,              0.9367,             0.91811,             0.93546,              0.7192,            0.017979,           0.0088265,           0.0042518,           0.0039739,           0.0039739,           0.0039739
                 100,            0.013829,           0.0094501,           0.0029835,             0.94691,             0.93279,             0.93835,             0.73535,             0.01742,           0.0085524,           0.0031418,           0.0039124,           0.0039124,           0.0039124
                 101,            0.013914,           0.0092223,           0.0030123,             0.92471,             0.95107,             0.94674,             0.73156,            0.018361,           0.0086352,           0.0024273,           0.0038509,           0.0038509,           0.0038509
                 102,            0.013874,           0.0093123,           0.0030644,              0.9406,             0.93461,             0.94201,             0.72322,             0.01804,            0.008609,           0.0030582,           0.0037894,           0.0037894,           0.0037894
                 103,            0.013812,           0.0091682,           0.0028963,             0.96066,             0.94402,             0.95333,             0.74587,            0.017411,           0.0079813,           0.0018083,            0.003728,            0.003728,            0.003728
                 104,            0.013678,           0.0093586,           0.0028941,             0.93485,             0.94742,             0.94604,             0.73474,             0.01801,           0.0086902,           0.0025692,           0.0036665,           0.0036665,           0.0036665
                 105,            0.013531,           0.0091411,           0.0026488,             0.94335,             0.91876,             0.93459,             0.73517,            0.017677,           0.0081872,           0.0043533,            0.003605,            0.003605,            0.003605
                 106,            0.013497,            0.009046,           0.0028713,             0.94983,             0.94904,             0.94828,             0.73785,            0.017901,           0.0084858,            0.001906,           0.0035435,           0.0035435,           0.0035435
                 107,            0.013343,           0.0091347,            0.002879,             0.95657,             0.94002,             0.94988,             0.72596,            0.018741,           0.0085185,           0.0021399,            0.003482,            0.003482,            0.003482
                 108,            0.013234,           0.0090551,           0.0027316,             0.94377,             0.94252,             0.94507,             0.71775,            0.018852,           0.0086812,           0.0024323,           0.0034205,           0.0034205,           0.0034205
                 109,            0.013189,           0.0091374,           0.0027447,             0.92433,             0.94267,             0.94161,             0.72961,            0.018011,           0.0084803,           0.0031492,            0.003359,            0.003359,            0.003359
                 110,            0.013115,           0.0092737,           0.0026594,             0.94381,              0.9382,             0.94714,             0.72642,            0.018349,           0.0086799,           0.0029807,           0.0032975,           0.0032975,           0.0032975
                 111,             0.01293,           0.0088184,           0.0026707,              0.9361,             0.94029,             0.94455,             0.72846,            0.018199,           0.0092141,           0.0028403,            0.003236,            0.003236,            0.003236
                 112,            0.012889,           0.0090553,           0.0025716,             0.93174,             0.93862,             0.94283,             0.71385,            0.018801,           0.0088505,           0.0036259,           0.0031745,           0.0031745,           0.0031745
                 113,            0.012849,           0.0089861,           0.0024357,             0.93462,              0.9424,             0.94834,             0.72769,            0.018601,            0.008782,           0.0030605,            0.003113,            0.003113,            0.003113
                 114,            0.012902,           0.0087189,             0.00235,             0.94003,             0.93048,             0.94226,             0.73499,            0.017669,           0.0088641,           0.0036456,           0.0030516,           0.0030516,           0.0030516
                 115,            0.012598,           0.0088914,           0.0026105,             0.94758,             0.93929,             0.94216,             0.72221,            0.018561,           0.0087226,           0.0026671,           0.0029901,           0.0029901,           0.0029901
                 116,            0.012621,           0.0087964,           0.0024405,             0.93463,             0.93552,             0.93964,             0.73467,             0.01792,            0.008564,           0.0035529,           0.0029286,           0.0029286,           0.0029286
                 117,            0.012226,           0.0087733,           0.0025704,             0.94812,             0.93657,              0.9468,             0.73788,            0.018035,           0.0086223,           0.0025942,           0.0028671,           0.0028671,           0.0028671
                 118,            0.012471,           0.0087546,           0.0023624,             0.94386,             0.92954,             0.94289,              0.7359,            0.017867,           0.0082854,           0.0029271,           0.0028056,           0.0028056,           0.0028056
                 119,            0.012524,           0.0088424,            0.002511,             0.92552,             0.93186,             0.94393,             0.72638,            0.018245,           0.0088967,           0.0037785,           0.0027441,           0.0027441,           0.0027441
                 120,            0.012324,           0.0087449,            0.002379,             0.94108,             0.93637,             0.94284,             0.72442,            0.017881,           0.0085714,            0.003496,           0.0026826,           0.0026826,           0.0026826
                 121,             0.01227,           0.0087598,           0.0023975,             0.92801,             0.95091,             0.93882,             0.72255,            0.018247,           0.0088953,           0.0029633,           0.0026211,           0.0026211,           0.0026211
                 122,              0.0122,           0.0086178,           0.0024265,             0.94038,             0.94318,             0.94485,             0.73077,            0.018093,           0.0087098,           0.0022278,           0.0025596,           0.0025596,           0.0025596
                 123,            0.012084,           0.0088456,           0.0023563,             0.93753,             0.94004,              0.9491,             0.73759,            0.018059,           0.0091381,           0.0024095,           0.0024981,           0.0024981,           0.0024981
                 124,            0.012256,            0.008684,           0.0024477,             0.94926,             0.92851,             0.94916,              0.7413,             0.01806,           0.0085648,            0.002972,           0.0024366,           0.0024366,           0.0024366
                 125,            0.011959,           0.0086288,           0.0024263,             0.94869,             0.92818,             0.94632,             0.73702,            0.017883,           0.0084859,           0.0033817,           0.0023752,           0.0023752,           0.0023752
                 126,            0.011855,           0.0085667,           0.0022296,             0.95309,              0.9292,             0.94347,             0.74123,            0.017678,           0.0089684,           0.0029337,           0.0023137,           0.0023137,           0.0023137
                 127,            0.011749,            0.008562,           0.0021007,             0.94577,             0.94155,             0.94694,             0.73648,            0.017836,           0.0086536,           0.0025347,           0.0022522,           0.0022522,           0.0022522
                 128,            0.011793,           0.0085632,           0.0022506,             0.93596,              0.9399,             0.94516,             0.73636,            0.018137,           0.0091966,           0.0026372,           0.0021907,           0.0021907,           0.0021907
                 129,            0.011768,           0.0085809,           0.0021051,             0.93806,             0.94798,             0.95003,             0.74182,            0.018073,           0.0090816,           0.0021725,           0.0021292,           0.0021292,           0.0021292
                 130,            0.011542,           0.0083766,           0.0020216,             0.92969,             0.93774,             0.94402,             0.73496,            0.017836,           0.0088809,           0.0033684,           0.0020677,           0.0020677,           0.0020677
                 131,            0.011252,           0.0083167,           0.0021682,              0.9355,             0.92808,             0.94323,             0.73223,            0.017961,           0.0088895,           0.0036544,           0.0020062,           0.0020062,           0.0020062
                 132,            0.011259,           0.0084609,            0.002048,             0.93741,             0.93667,             0.94443,             0.73547,             0.01779,           0.0088952,           0.0035982,           0.0019447,           0.0019447,           0.0019447
                 133,            0.011151,           0.0084331,           0.0021901,              0.9419,             0.94344,             0.95097,             0.74199,            0.017558,           0.0088922,           0.0025556,           0.0018832,           0.0018832,           0.0018832
                 134,            0.011283,           0.0084244,           0.0018753,             0.94991,             0.93259,             0.95076,             0.74633,            0.017547,           0.0088252,           0.0024763,           0.0018217,           0.0018217,           0.0018217
                 135,            0.011177,           0.0082434,           0.0019533,             0.93493,             0.94619,             0.94824,             0.74486,            0.017481,           0.0087863,           0.0026266,           0.0017602,           0.0017602,           0.0017602
                 136,            0.011048,           0.0083298,           0.0020505,             0.93768,             0.93649,             0.95049,             0.75116,            0.017183,           0.0088436,           0.0035162,           0.0016988,           0.0016988,           0.0016988
                 137,            0.010874,           0.0083773,           0.0020688,             0.91655,             0.94336,             0.94481,             0.73549,            0.017752,           0.0090822,           0.0041368,           0.0016373,           0.0016373,           0.0016373
                 138,            0.010815,           0.0082978,           0.0020242,             0.93259,             0.94086,             0.94477,              0.7371,            0.017553,            0.008843,           0.0034562,           0.0015758,           0.0015758,           0.0015758
                 139,            0.010809,           0.0081143,           0.0019654,             0.95004,             0.92994,              0.9466,             0.74724,             0.01736,           0.0089211,           0.0028773,           0.0015143,           0.0015143,           0.0015143
                 140,            0.010722,           0.0081268,           0.0021327,             0.95043,             0.93606,             0.94653,             0.74618,            0.017567,           0.0087793,           0.0027882,           0.0014528,           0.0014528,           0.0014528
                 141,            0.010538,           0.0080625,           0.0019594,             0.94328,             0.93567,             0.94419,             0.74318,            0.017537,           0.0089609,           0.0029374,           0.0013913,           0.0013913,           0.0013913
                 142,            0.010365,           0.0079259,           0.0016359,             0.94756,             0.94294,             0.94566,             0.74451,            0.017859,            0.009073,           0.0023074,           0.0013298,           0.0013298,           0.0013298
                 143,            0.010414,           0.0080251,           0.0017581,             0.94035,             0.94371,             0.94486,             0.73967,            0.017666,           0.0091611,           0.0029731,           0.0012683,           0.0012683,           0.0012683
                 144,            0.010336,           0.0079798,           0.0016494,             0.94958,             0.94367,             0.94751,             0.74633,            0.017386,           0.0093012,           0.0025049,           0.0012068,           0.0012068,           0.0012068
                 145,            0.010273,             0.00805,           0.0017246,             0.95486,             0.92824,             0.94329,             0.74101,            0.017483,           0.0090632,            0.002855,           0.0011453,           0.0011453,           0.0011453
                 146,            0.010194,           0.0079734,           0.0017359,             0.95423,             0.92936,             0.94861,             0.74855,            0.017341,           0.0090801,           0.0029709,           0.0010839,           0.0010839,           0.0010839
                 147,            0.010197,           0.0078398,           0.0016153,             0.93819,             0.94273,             0.95075,             0.75097,            0.017658,           0.0091407,            0.002565,           0.0010224,           0.0010224,           0.0010224
                 148,            0.010051,           0.0078718,           0.0017596,             0.94396,             0.94091,             0.94807,             0.74525,             0.01756,           0.0093505,           0.0022952,          0.00096087,          0.00096087,          0.00096087
                 149,            0.009999,           0.0077717,           0.0016189,             0.94963,             0.93524,             0.95121,             0.74614,            0.017682,           0.0093621,           0.0021237,          0.00089938,          0.00089938,          0.00089938
                 150,            0.009861,           0.0078689,           0.0014988,             0.94422,             0.94032,             0.94878,              0.7463,            0.017506,           0.0090989,           0.0024319,          0.00083789,          0.00083789,          0.00083789
                 151,           0.0097105,           0.0077416,           0.0014949,             0.93335,             0.94757,             0.94974,             0.74807,            0.017519,           0.0089888,           0.0025322,           0.0007764,           0.0007764,           0.0007764
                 152,           0.0098392,           0.0076844,           0.0016138,             0.93304,             0.95269,             0.95279,             0.75564,            0.017452,           0.0089614,           0.0021212,          0.00071491,          0.00071491,          0.00071491
                 153,           0.0097371,           0.0077401,           0.0016826,             0.94657,             0.93831,             0.94989,             0.75091,            0.017692,            0.009117,           0.0020389,          0.00065342,          0.00065342,          0.00065342
                 154,           0.0096415,           0.0076722,            0.001452,             0.93878,             0.94069,             0.94812,             0.74596,            0.017704,           0.0093208,           0.0025288,          0.00059193,          0.00059193,          0.00059193
                 155,           0.0096631,           0.0077097,           0.0017968,             0.93488,             0.94497,             0.94761,             0.74793,            0.017602,           0.0091809,           0.0030161,          0.00053043,          0.00053043,          0.00053043
                 156,           0.0096257,            0.007808,           0.0017119,             0.93747,             0.93796,             0.94716,             0.74929,            0.017544,           0.0092358,           0.0029801,          0.00046894,          0.00046894,          0.00046894
                 157,           0.0095789,           0.0076941,           0.0016183,             0.93307,             0.94794,             0.95003,             0.75108,            0.017493,           0.0092471,           0.0026222,          0.00040745,          0.00040745,          0.00040745
                 158,           0.0092686,           0.0075113,           0.0013252,             0.93393,             0.95009,             0.95037,             0.75111,            0.017536,           0.0092117,           0.0024638,          0.00034596,          0.00034596,          0.00034596
                 159,           0.0094144,           0.0076681,           0.0015036,             0.94156,             0.94407,             0.95107,             0.75086,            0.017475,           0.0090854,           0.0024931,          0.00028447,          0.00028447,          0.00028447
                 160,           0.0094047,           0.0078223,           0.0017526,              0.9452,             0.94042,             0.95182,             0.75507,            0.017442,           0.0091719,           0.0025788,          0.00022298,          0.00022298,          0.00022298
